service_library;service;deprecated_operation;description;deprecated_in;removal_targeted_in
Ase0SoaActiveworkspacesyseng;Diagrammanagement;Ase0::Services::Activeworkspacesyseng::_2012_10::Diagrammanagement::createConnections;There is no replacement.;2506;2712
Ase0SoaActiveworkspacesyseng;Diagrammanagement;Ase0::Services::Activeworkspacesyseng::_2012_10::Diagrammanagement::createTracelinks;There is no replacement.;2506;2712
Ase0SoaActiveworkspacesyseng;Diagrammanagement;Ase0::Services::Activeworkspacesyseng::_2012_10::Diagrammanagement::deleteConnections;There is no replacement.;2506;2712
Ase0SoaActiveworkspacesyseng;Diagrammanagement;Ase0::Services::Activeworkspacesyseng::_2012_10::Diagrammanagement::getChildOccsPortsConnections;There is no replacement.;2506;2712
Ase0SoaActiveworkspacesyseng;Diagrammanagement;Ase0::Services::Activeworkspacesyseng::_2012_10::Diagrammanagement::getDiagramLegend;"This operation does not support ability to consider display rules for returned types
and ability to define scope for creation of any category types. Use the getDiagramLegend4 service operation.";10.01.2005;2712
Ase0SoaActiveworkspacesyseng;Diagrammanagement;Ase0::Services::Activeworkspacesyseng::_2014_11::Diagrammanagement::getDiagramLegend2;This operation does not support ability to consider display rules for returned types and ability to define scope for creation of any category types. Use the getDiagramLegend4 service operation.;10.01.2005;2712
Ase0SoaActiveworkspacesyseng;Diagrammanagement;Ase0::Services::Activeworkspacesyseng::_2014_11::Diagrammanagement::getDiagramLegend3;This operation does not support ability to define scope for creation of any category types. Use the getDiagramLegend4 service operation.;10.01.2005;2712
Ase0SoaActiveworkspacesyseng;Diagrammanagement;Ase0::Services::Activeworkspacesyseng::_2015_10::Diagrammanagement::getDiagramLegend4;This operation is deprecated. Use getDiagramLegend5 operation.;ActiveWorkspace4.0;2712
Cae0SoaSimproc;Simulationtoollaunch;Cae0::Services::Simproc::_2014_12::Simulationtoollaunch::executeSimulationToolLaunch;Use the executeSimulationToolLaunch operation from the Cae0::Services::Simproc::_2015_10 namespace.;10.01.2005;2712
Cae0SoaSimproc;Simulationtoollaunch;Cae0::Services::Simproc::_2016_05::Simulationtoollaunch::executeSimulationToolLaunch;Use the executeSimulationToolLaunch operation from the Cae0::Services::Simproc::_2017_11 namespace.;11. Apr;2712
Cae0SoaSimproc;Simstructuremanagement;Cae0::Services::Simproc::_2017_05::Simstructuremanagement::executeStructureMap;Use the generateCAEStructure operation.;11. Jun;2712
Cae0SoaSimproc;Simulationtoollaunch;Cae0::Services::Simproc::_2017_11::Simulationtoollaunch::executeSimulationToolLaunch;Use the executeSimulationToolLaunch operation from the Cae0::Services::Simproc::_2020_01 namespace.;12. Mrz;2712
Cae0SoaSimproc;Simulationtoollaunch;Cae0::Services::Simproc::_2020_01::Simulationtoollaunch::executeSimulationToolLaunch;use the executeSimulationToolLaunch operation from the Cae0::Services::Simproc::_2023_06 namespace.;14. Mrz;2712
Cpd0SoaCpdcore;Datamanagement;Cpd0::Services::Cpdcore::_2011_06::Datamanagement::createOrUpdateDesignControlElements;Use the createOrUpdateDesignControlElements operation from the _2012_06 namespace.;09.01.2001;2712
Cpd0SoaCpdcore;Realization;Cpd0::Services::Cpdcore::_2011_06::Realization::updateWorksetSubsetContent;Use the updateSubsetsContent operation.;11.02.2003;2712
Crt1SoaValidationcontractaw;Vcmanagement;Crt1::Services::Validationcontractaw::_2018_05::Vcmanagement::validateAnalysisRequest;The service operation integrates with LMS simulation tools  however  latest integration with Simulation tools is done using Tc-Sim. Customers should use Tc-Sim based integration with Verification Management.;2312;2712
Crt1SoaValidationcontractaw;Vcmanagement;Crt1::Services::Validationcontractaw::_2021_06::Vcmanagement::getVerificationRequestInfo;This operation is deprecated. Please use getVerificationRequestInfo2.;2512;2912
Dia0SoaDiagramming;Diagramming;Dia0::Services::Diagramming::_2015_07::Diagramming::findDiagrams;This operation is being deprecated  use findDiagrams2 instead.;2506;2712
Dia0SoaDiagramming;Diagramming;Dia0::Services::Diagramming::_2015_07::Diagramming::queryDiagramElementsAssociatedWith;Deprecated. See Support Announcement 2606.;2606;2912
Dia0SoaDiagramming;Diagramming;Dia0::Services::Diagramming::_2015_07::Diagramming::queryDiagramElementsNotAssociated;Deprecated. See Support Announcement 2606.;2606;2912
Dia0SoaDiagramming;Diagramming;Dia0::Services::Diagramming::_2015_07::Diagramming::queryElementsNotInDiagram;Deprecated. See Support Announcement 2606.;2606;2912
Dia0SoaDiagramming;Diagramming;Dia0::Services::Diagramming::_2017_05::Diagramming::findDiagrams2;Deprecated. See Support Announcement 2606.;2606;2912
Eda0SoaEdmdcollab;Edmdcollaboration;Eda0::Services::Edmdcollab::_2020_01::Edmdcollaboration::getCollaborationData;Use the getCollaborationData2 operation from the _2020_04 namespace.;12. Apr;2712
Eda0SoaEdmdcollab;Edmdcollaboration;Eda0::Services::Edmdcollab::_2020_01::Edmdcollaboration::publishIDX;Use the publishIDX2 operation from the _2020_04 namespace.;12. Apr;2712
Evm1SoaViewmgmtaw;Viewdatamanagement;Evm1::Services::Viewmgmtaw::_2019_06::Viewdatamanagement::executeRecipes2;This operation is deprecated as it does not support 1) Multiple BOM 2) Resolving output results to occurrence Use executeRecipes3 operation.;ActiveWorkspace5.0;2712
Evm1SoaViewmgmtaw;Viewdatamanagement;Evm1::Services::Viewmgmtaw::_2020_05::Viewdatamanagement::executeRecipes3;Deprecated. See Support Announcement 2606.;2606;2912
Fnd0SoaDiagramming;Diagrammanagement;Fnd0::Services::Diagramming::_2011_06::Diagrammanagement::createDiagram;Deprecated. See Support Announcement 2312.;2312;2712
Fnd0SoaDiagramming;Diagrammanagement;Fnd0::Services::Diagramming::_2011_06::Diagrammanagement::createOrUpdateTemplate;Use the createOrUpdateTemplate operation from the 2012_09 namespace.;10;2712
Fnd0SoaDiagramming;Diagrammanagement;Fnd0::Services::Diagramming::_2011_06::Diagrammanagement::getDiagramMembers;Deprecated. See Support Announcement 2312.;2312;2712
Fnd0SoaDiagramming;Diagrammanagement;Fnd0::Services::Diagramming::_2011_06::Diagrammanagement::openDiagram;Deprecated. See Support Announcement 2312.;2312;2712
Fnd0SoaDiagramming;Diagrammanagement;Fnd0::Services::Diagramming::_2011_06::Diagrammanagement::saveDiagram;Deprecated. See Support Announcement 2312.;2312;2712
Fnd0SoaDiagramming;Diagrammanagement;Fnd0::Services::Diagramming::_2012_09::Diagrammanagement::createOrUpdateTemplate;Deprecated. See Support Announcement 2312.;2312;2712
Fnd0SoaDiagramming;Dndmanagement;Fnd0::Services::Diagramming::_2014_06::Dndmanagement::createAndPaste;Deprecated. See Support Announcement 2312.;2312;2712
Fnd0SoaDiagramming;Dndmanagement;Fnd0::Services::Diagramming::_2014_06::Dndmanagement::createConnectionPortsAndConnect;Deprecated. See Support Announcement 2312.;2312;2712
Fnd0SoaEditcontext;Datamanagement;Fnd0::Services::Editcontext::_2014_12::Datamanagement::setEditContext;Use the setChangeContext2 operation from the _2016_10 namespace.;11.02.2003;2712
Fnd0SoaEditcontext;Datamanagement;Fnd0::Services::Editcontext::_2016_04::Datamanagement::setChangeContext;Use the setChangeContext2 operation from the _2016_10 namespace.;11.02.2003;2712
Mdc0SoaMdconnectivity;Mdconnectivity;Mdc0::Services::Mdconnectivity::_2014_10::Mdconnectivity::createOrUpdateElementGroups;Deprecated. See Support Announcement 2606.;2606;2912
Mdc0SoaMdconnectivity;Mdconnectivity;Mdc0::Services::Mdconnectivity::_2014_10::Mdconnectivity::createOrUpdateModelElements;Deprecated. See Support Announcement 2606.;2606;2912
Mdc0SoaMdconnectivity;Mdconnectivity;Mdc0::Services::Mdconnectivity::_2014_10::Mdconnectivity::findConnectionsOnPort;Deprecated. See Support Announcement 2606.;2606;2912
Mdc0SoaMdconnectivity;Mdconnectivity;Mdc0::Services::Mdconnectivity::_2014_10::Mdconnectivity::findPorts;Deprecated. See Support Announcement 2606.;2606;2912
Mdc0SoaMdconnectivity;Mdconnectivity;Mdc0::Services::Mdconnectivity::_2014_10::Mdconnectivity::findPortsGroups;Deprecated. See Support Announcement 2606.;2606;2912
Mdc0SoaMdconnectivity;Mdconnectivity;Mdc0::Services::Mdconnectivity::_2014_10::Mdconnectivity::getConditionalElemGroups;Deprecated. See Support Announcement 2606.;2606;2912
Mdc0SoaMdconnectivity;Mdconnectivity;Mdc0::Services::Mdconnectivity::_2014_10::Mdconnectivity::getIdentity;Deprecated. See Support Announcement 2606.;2606;2912
Mdc0SoaMdconnectivity;Mdconnectivity;Mdc0::Services::Mdconnectivity::_2014_10::Mdconnectivity::getOrderedElementGroups;Deprecated. See Support Announcement 2606.;2606;2912
Mdc0SoaMdconnectivity;Mdconnectivity;Mdc0::Services::Mdconnectivity::_2014_10::Mdconnectivity::getRealizedLogicalElements;Deprecated. See Support Announcement 2606.;2606;2912
Mdc0SoaMdconnectivity;Mdconnectivity;Mdc0::Services::Mdconnectivity::_2014_10::Mdconnectivity::insertConnectionElement;Deprecated. See Support Announcement 2606.;2606;2912
Mdc0SoaMdconnectivity;Mdconnectivity;Mdc0::Services::Mdconnectivity::_2014_10::Mdconnectivity::insertOrderedElementGroupElements;Deprecated. See Support Announcement 2606.;2606;2912
Mdc0SoaMdconnectivity;Mdconnectivity;Mdc0::Services::Mdconnectivity::_2014_10::Mdconnectivity::queryConnectionModelElements;Deprecated. See Support Announcement 2606.;2606;2912
Mdc0SoaMdconnectivity;Mdconnectivity;Mdc0::Services::Mdconnectivity::_2014_10::Mdconnectivity::queryModelElementsOfElementGroup;Deprecated. See Support Announcement 2606.;2606;2912
Mdc0SoaMdconnectivity;Mdconnectivity;Mdc0::Services::Mdconnectivity::_2014_10::Mdconnectivity::queryOrderedElementGroupByPartition;Deprecated. See Support Announcement 2606.;2606;2912
Mdc0SoaMdconnectivity;Mdconnectivity;Mdc0::Services::Mdconnectivity::_2014_10::Mdconnectivity::queryParentElementGroup;Deprecated. See Support Announcement 2606.;2606;2912
Mdc0SoaMdconnectivity;Mdconnectivity;Mdc0::Services::Mdconnectivity::_2014_10::Mdconnectivity::reverseOrderedElementGroupElements;Deprecated. See Support Announcement 2606.;2606;2912
Mdc0SoaMdconnectivity;Mdconnectivity;Mdc0::Services::Mdconnectivity::_2014_10::Mdconnectivity::splitOrderedElementGroupElements;Deprecated. See Support Announcement 2606.;2606;2912
Mdc0SoaMdconnectivity;Mdconnectivity;Mdc0::Services::Mdconnectivity::_2016_10::Mdconnectivity::findConnectionsOnPort2;Deprecated. See Support Announcement 2606.;2606;2912
Mdc0SoaMdconnectivity;Mdconnectivity;Mdc0::Services::Mdconnectivity::_2016_10::Mdconnectivity::queryParentElementGroup2;Deprecated. See Support Announcement 2606.;2606;2912
Mdc0SoaMdconnectivity;Mdconnectivity;Mdc0::Services::Mdconnectivity::_2017_11::Mdconnectivity::createOrUpdateElementGroups2;Deprecated. See Support Announcement 2606.;2606;2912
Mdc0SoaMdconnectivity;Mdconnectivity;Mdc0::Services::Mdconnectivity::_2017_11::Mdconnectivity::createOrUpdateModelElements2;Deprecated. See Support Announcement 2606.;2606;2912
Mdl0SoaModelcore;Datamanagement;Mdl0::Services::Modelcore::_2011_06::Datamanagement::reviseObjects;Use the reviseObjects operation from the Core Datamanagement.;11. Feb;2712
Mei0SoaMesinteg;Release;Mei0::Services::Mesinteg::_2013_05::Release::applyReleaseStatusToLines;this operation is obsolete  there is no replacement.;2412;2712
Mei0SoaMesinteg;Release;Mei0::Services::Mesinteg::_2013_05::Release::createReleaseUpdatePackage;this operation is obsolete  there is no replacement.;2412;2712
Mei0SoaMesinteg;Release;Mei0::Services::Mesinteg::_2013_05::Release::findReleaseCandidates;this operation is obsolete  there is no replacement.;2412;2712
Mei0SoaMesinteg;Release;Mei0::Services::Mesinteg::_2013_05::Release::isUpdateAllowed;this operation is obsolete  there is no replacement.;2412;2712
Mei0SoaMesinteg;Release;Mei0::Services::Mesinteg::_2013_05::Release::openPreviousReleasedVersion;this operation is obsolete  there is no replacement.;2412;2712
Mei0SoaMesinteg;Release;Mei0::Services::Mesinteg::_2014_06::Release::applyReleaseStatusToLines;this operation is obsolete  there is no replacement.;2412;2712
Mei0SoaMesinteg;Release;Mei0::Services::Mesinteg::_2014_12::Release::executionDataExport;this operation is obsolete  there is no replacement.;2412;2712
Mei0SoaMesinteg;Release;Mei0::Services::Mesinteg::_2015_03::Release::setExecutionIdAndRevisionRule;this operation is obsolete  there is no replacement.;2412;2712
Mei0SoaMesinteg;Release;Mei0::Services::Mesinteg::_2015_10::Release::executionDataExport2;this operation is obsolete  there is no replacement.;2412;2712
Mei0SoaMesinteg;Release;Mei0::Services::Mesinteg::_2016_09::Release::createReleaseUpdatePackage2;this operation is obsolete  there is no replacement.;2412;2712
Mei0SoaMesinteg;Release;Mei0::Services::Mesinteg::_2016_09::Release::executionDataExport3;this operation is obsolete  there is no replacement.;2412;2712
Mei0SoaMesinteg;Release;Mei0::Services::Mesinteg::_2017_11::Release::findWorkOrderStatusProps;this operation is obsolete  there is no replacement.;2412;2712
Mes0SoaMes;Workinstructions;Mes0::Services::Mes::_2010_09::Workinstructions::loadWorkInstructionDoc;Use the loadWorkInstructionDoc operation from the _2012_09 namesace.;10;2712
Mes0SoaMes;Workinstructions;Mes0::Services::Mes::_2010_09::Workinstructions::saveWorkInstructionDoc;Use the saveWorkInstructionDoc operation from the _2012_09 namesace.;10;2712
Mes0SoaMes;Workinstructions;Mes0::Services::Mes::_2012_09::Workinstructions::loadWorkInstructionDoc;This operation is obsolete  there is no replacement.;2406;2712
Mes0SoaMes;Workinstructions;Mes0::Services::Mes::_2012_09::Workinstructions::saveWorkInstructionDoc;This operation is obsolete  there is no replacement.;2406;2712
Mes0SoaMes;Workinstructions;Mes0::Services::Mes::_2013_05::Workinstructions::loadWorkInstructionDoc;This operation is obsolete  there is no replacement.;2406;2712
Mes0SoaMes;Workinstructions;Mes0::Services::Mes::_2013_05::Workinstructions::saveWorkInstructionDoc;This operation is obsolete  there is no replacement.;2406;2712
Prg0SoaPrograminfra;Programmanagement;Prg0::Services::Programinfra::_2016_04::Programmanagement::clonePlanHierarchy;Cloning of Plan artifacts is supported with generic 'Save As' operation with Deep Copy Rules.;14. Jan;2712
Prg0SoaPrograminfra;Programmanagement;Prg0::Services::Programinfra::_2016_10::Programmanagement::clonePlanHierarchyWithProject;Cloning of Plan artifacts is supported with generic 'Save As' operation with Deep Copy Rules.;14. Jan;2712
Ptn0SoaPartition;Partitionmanagement;Ptn0::Services::Partition::_2011_06::Partitionmanagement::getChildren;Use the getChildren operation from the _2014_12 namespace.;10.01.2003;2712
Ptn0SoaPartition;Partitionmanagement;Ptn0::Services::Partition::_2011_06::Partitionmanagement::getMembers;Use the getMembers operation from the _2014_12 namespace.;10.01.2003;2712
Ptn0SoaPartition;Partitionmanagement;Ptn0::Services::Partition::_2011_06::Partitionmanagement::getParents;Use the getParents operation from the _2018_06 namespace.;11. Mai;2712
Ptn0SoaPartition;Partitionmanagement;Ptn0::Services::Partition::_2011_06::Partitionmanagement::wherePartitioned;Use the wherePartitioned2 operation from the _2018_06 namespace.;11. Mai;2712
Ptn0SoaPartition;Search;Ptn0::Services::Partition::_2011_06::Search::createPartitionExpressions;Use the createPartitionExpressions operation from the _2012_09 namespace.;10;2712
Ptn0SoaPartition;Partitionmanagement;Ptn0::Services::Partition::_2013_05::Partitionmanagement::clonePartitions;Use the clonePartitions operation from the _2014_12 namespace.;10.01.2003;2712
Rv1SoaRelationshipviewer;Networkengine;Rv1::Services::Relationshipviewer::_2012_10::Networkengine::createRelations;This SOA was added in Tc9 timeframe purpose to support authoring relations in the Relation Browser but later RB functionality was confined to the rendering of relations  use Teamcenter::Soa::Core::DataManagement::createRelations instead.;2506;2712
Rv1SoaRelationshipviewer;Networkengine;Rv1::Services::Relationshipviewer::_2012_10::Networkengine::getViews;Use getViews3 instead;10.01.2002;2712
Rv1SoaRelationshipviewer;Networkengine;Rv1::Services::Relationshipviewer::_2012_10::Networkengine::getViews2;Use getViews3 instead;10.01.2002;2712
Rv1SoaRelationshipviewer;Networkengine;Rv1::Services::Relationshipviewer::_2012_10::Networkengine::queryNetwork;This operation is being deprecated  use queryNetwork2 instead.;2506;2712
Rv1SoaRelationshipviewer;Networkengine;Rv1::Services::Relationshipviewer::_2014_11::Networkengine::getViews3;Use getViews4 instead;ActiveWorkspace4.3;2712
Rv1SoaRelationshipviewer;Networkengine;Rv1::Services::Relationshipviewer::_2019_12::Networkengine::getViews4;use getViews5 instead;2312;2712
Saw1SoaProjectmanagementaw;Schedulemanagementaw;Saw1::Services::Projectmanagementaw::_2016_12::Schedulemanagementaw::loadSchedule;This operation is replaced by Saw1::Soa::ProjectManagementAw::_2018_12::loadSchedule2.;ActiveWorkspace4.1;2712
Sci0SoaImdsintegration;Imdsintegration;Sci0::Services::Imdsintegration::_2013_05::Imdsintegration::retrieveIMDSData;DEPRECATED. SEE SUPPORT ANNOUNCEMENT 2512.;2512;2912
Sci0SoaImdsintegration;Imdsintegration;Sci0::Services::Imdsintegration::_2013_05::Imdsintegration::sendDataToIMDS;DEPRECATED. SEE SUPPORT ANNOUNCEMENT 2512.;2512;2912
Sci0SoaImdsintegration;Imdsintegration;Sci0::Services::Imdsintegration::_2016_09::Imdsintegration::getApplicableIMDSUploadActions;DEPRECATED. SEE SUPPORT ANNOUNCEMENT 2512.;2512;2912
Sci0SoaImdsintegration;Imdsintegration;Sci0::Services::Imdsintegration::_2016_09::Imdsintegration::sendDataToIMDS;DEPRECATED. SEE SUPPORT ANNOUNCEMENT 2512.;2512;2912
Sci1SoaImdsintegrationaw;Imdsintegration;Sci1::Services::Imdsintegrationaw::_2018_05::Imdsintegration::findOrCreateAssociatedExchangeRev;DEPRECATED. SEE SUPPORT ANNOUNCEMENT 2512.;2512;2912
Sci1SoaImdsintegrationaw;Imdsintegration;Sci1::Services::Imdsintegrationaw::_2022_06::Imdsintegration::sendDataToIMDS;DEPRECATED. SEE SUPPORT ANNOUNCEMENT 2512.;2512;2912
Smc0SoaStructuremanagement;Solutionvariantmanagement;Smc0::Services::Structuremanagement::_2018_11::Solutionvariantmanagement::compareManagedSolutionVariantItems;We do not support passing individual Revision Rule and Variant Rule input for comparing a Managed Solution Variant via compareManagedSolutionVariantItems.  Use compareManagedSolutionVariantItems2 instead.;2606;2912
Smc0SoaStructuremanagement;Solutionvariantmanagement;Smc0::Services::Structuremanagement::_2018_11::Solutionvariantmanagement::updateManagedSolutionVariantItems;We do not support passing individual Revision Rule and Variant Rule input for updating a Managed Solution Variant via updateManagedSolutionVariantItems.  Use updateManagedSolutionVariantItems2 instead.;2606;2912
Smc0SoaStructuremanagement;Solutionvariantmanagement;Smc0::Services::Structuremanagement::_2023_06::Solutionvariantmanagement::updateMultilevelReuseSolVariants;We do not support updating a Reuse Solution Variant with a specific Variant Rule/Criteria in updateMultilevelReuseSolVariants. Use updateMultilevelReuseSolVariants2 instead.;2512;2912
Smr1SoaMrocoreaw;Mrocoreaw;Smr1::Services::Mrocoreaw::_2015_03::Mrocoreaw::createAndAssignLot;Deprecated. Introduced new SOA createAndAssignLot2.;2312;2712
Swi1SoaSvcworkinstructionsaw;Svcworkinstructionsaw;Swi1::Services::Svcworkinstructionsaw::_2021_06::Svcworkinstructionsaw::getServiceWorkInstructions;Deprecate this operation and replace it with swi1::Soa:: SvcWorkInstructionsAw::_2021_06::getServiceWorkInstructions2;ActiveWorkspace6.2;2712
TcSoaAdministration;Authorization;Teamcenter::Services::Administration::_2007_06::Authorization::checkAuthorization;Use the checkAuthorizationAccess operation from the _2007_06 namespace.;07.01.2005;2712
TcSoaAdministration;Preferencemanagement;Teamcenter::Services::Administration::_2007_06::Preferencemanagement::setPreferences;Use the setPreferences2 or setPreferencesDefinition operations from the _2012_09 namespace.;10;2712
TcSoaAdministration;Preferencemanagement;Teamcenter::Services::Administration::_2008_06::Preferencemanagement::lockSitePreferences;There is no replacement for this operation.;11. Jun;2712
TcSoaAdministration;Preferencemanagement;Teamcenter::Services::Administration::_2008_06::Preferencemanagement::unlockSitePreferences;There is no replacement for this operation.;11. Jun;2712
TcSoaAdministration;Preferencemanagement;Teamcenter::Services::Administration::_2012_09::Preferencemanagement::removeStalePreferenceInstancesAtLocations;There is no replacement for this operation.;11. Mai;2712
TcSoaAi;Ai;Teamcenter::Services::Ai::_2006_03::Ai::getProjectsInfo;Use the getProjectsInfo2 operation from the _2012_09 namespace.;10;2712
TcSoaAi;Ai;Teamcenter::Services::Ai::_2007_12::Ai::generateScopedMultipleStructure;Use the generateScopedMultipleStructure2 or generateScopedMultipleStructure3 operations from the _2008_06 namespace.;8.0.1;2712
TcSoaAllocations;Allocation;Teamcenter::Services::Allocations::_2007_01::Allocation::createAllocationContext;This operation does not support AttrValueMap for Allocation Map  use createAllocationContext2 instead.;2506;2712
TcSoaBom;Structuremanagement;Teamcenter::Services::Bom::_2008_06::Structuremanagement::addOrUpdateChildrenToParentLine;use addOrUpdateChildrenToParentLine() from Teamcenter::Soa::Bom::_2025_06;2506;2712
TcSoaBusinessmodeler;Constants;Teamcenter::Services::Businessmodeler::_2007_06::Constants::getGlobalConstantValues;Use the getGlobalConstantValues2 operation from the _2011_06 namespace.;9;2712
TcSoaCad;Datamanagement;Teamcenter::Services::Cad::_2007_01::Datamanagement::createOrUpdateParts;Use the createOrUpdateParts operation from the _2007_12 namespace.;7;2712
TcSoaCad;Datamanagement;Teamcenter::Services::Cad::_2007_01::Datamanagement::getAllAttrMappings;Use the getAllAttrMappings2 operation from the _2011_06 namespace.;9;2712
TcSoaCad;Datamanagement;Teamcenter::Services::Cad::_2007_01::Datamanagement::getAttrMappingsForDatasetType;Use the getAttrMappings operation from the _2014_10 namespace.;11. Jan;2712
TcSoaCad;Datamanagement;Teamcenter::Services::Cad::_2007_01::Datamanagement::getAvailableTypes;Use the getAvailabelTypes operation from the Core DataManagement service.;7;2712
TcSoaCad;Structuremanagement;Teamcenter::Services::Cad::_2007_01::Structuremanagement::createBOMWindows;Use the createOrReConfigureBOMWindows operation from the _2007_01 namespace.;12. Feb;2712
TcSoaCad;Structuremanagement;Teamcenter::Services::Cad::_2007_01::Structuremanagement::createOrUpdateAbsoluteStructure;Use the createOrUpdateAbsoluteStructure operation from the _2007_12 namespace.;7;2712
TcSoaCad;Structuremanagement;Teamcenter::Services::Cad::_2007_01::Structuremanagement::createOrUpdateRelativeStructure;Use the createOrUpdateRelativeStructure operation from the _2007_12 namespace.;7;2712
TcSoaCad;Structuremanagement;Teamcenter::Services::Cad::_2007_01::Structuremanagement::deleteAssemblyArrangements;Use the deleteAssemblyArrangements operation from the _2007_12 namespace.;7;2712
TcSoaCad;Structuremanagement;Teamcenter::Services::Cad::_2007_01::Structuremanagement::deleteRelativeStructure;Use the deleteRelativeStructure operation from the _2007_12 namespace.;7;2712
TcSoaCad;Structuremanagement;Teamcenter::Services::Cad::_2007_06::Structuremanagement::createOrUpdateVariantConditions;Use the createOrUpdateVariantConditions2 operation from the _2007_09 namespace.;07. Jan;2712
TcSoaCad;Structuremanagement;Teamcenter::Services::Cad::_2008_03::Structuremanagement::askChildPathBOMLines;Use the askChildPathBOMLine operation from _2013_05 namespace.;10. Jan;2712
TcSoaCad;Structuremanagement;Teamcenter::Services::Cad::_2008_06::Structuremanagement::reconfigureBOMWindows;Use the createOrReConfigureBOMWindows operation from the _2007_01 namespace.;12. Feb;2712
TcSoaCad;Structuremanagement;Teamcenter::Services::Cad::_2009_04::Structuremanagement::createOrUpdateRelativeStructure;Use the createOrUpdateRelativeStructure operation from the _2013_05 namespace.;10. Jan;2712
TcSoaCad;Datamanagement;Teamcenter::Services::Cad::_2011_06::Datamanagement::getAllAttrMappings2;Use the getAttrMappings operation from the _2014_10 namespace.;11. Jan;2712
TcSoaCad;Structuremanagement;Teamcenter::Services::Cad::_2013_05::Structuremanagement::createBOMWindows2;Use the createOrReConfigureBOMWindows operation from the _2007_01 namespace.;12. Feb;2712
TcSoaCad;Structuremanagement;Teamcenter::Services::Cad::_2013_05::Structuremanagement::createOrUpdateRelativeStructure;use createOrUpdateRelativeStructure from Teamcenter::Soa::Cad::_2024_12 namespace;2412;2712
TcSoaCad;Structuremanagement;Teamcenter::Services::Cad::_2024_12::Structuremanagement::createOrUpdateRelativeStructure;use createOrUpdateRelativeStructure from Teamcenter::Soa::Cad::_2025_06 namespace;2506;2712
TcSoaCalendarmanagement;Calendarmanagement;Teamcenter::Services::Calendarmanagement::_2007_01::Calendarmanagement::modifyTCCalendars;Use the updateCalendars opeation from the _2008_06 namespace.;08. Feb;2712
TcSoaChangemanagement;Changemanagement;Teamcenter::Services::Changemanagement::_2008_06::Changemanagement::createChangeItems;Use the createObjects operation.;10;2712
TcSoaChangemanagement;Changemanagement;Teamcenter::Services::Changemanagement::_2008_06::Changemanagement::updateChangeItems;Use the setProperties  createRelations  and deleteRelations operations.;10;2712
TcSoaClassification;Classification;Teamcenter::Services::Classification::_2007_01::Classification::createClassificationObjects;The service TcSoaClassification is deprecated. Supported APIs can be found in Cls0SoaClassificationCore  Ics1SoaIcsAw  and Cla0SoaClassificationCommon services.;2512;2912
TcSoaClassification;Classification;Teamcenter::Services::Classification::_2007_01::Classification::deleteClassificationObjects;The service TcSoaClassification is deprecated. Supported APIs can be found in Cls0SoaClassificationCore  Ics1SoaIcsAw  and Cla0SoaClassificationCommon services.;2512;2912
TcSoaClassification;Classification;Teamcenter::Services::Classification::_2007_01::Classification::findClassificationObjects;The service TcSoaClassification is deprecated. Supported APIs can be found in Cls0SoaClassificationCore  Ics1SoaIcsAw  and Cla0SoaClassificationCommon services.;2512;2912
TcSoaClassification;Classification;Teamcenter::Services::Classification::_2007_01::Classification::findClassifiedObjects;The service TcSoaClassification is deprecated. Supported APIs can be found in Cls0SoaClassificationCore  Ics1SoaIcsAw  and Cla0SoaClassificationCommon services.;2512;2912
TcSoaClassification;Classification;Teamcenter::Services::Classification::_2007_01::Classification::getAttributesForClasses;The service TcSoaClassification is deprecated. Supported APIs can be found in Cls0SoaClassificationCore  Ics1SoaIcsAw  and Cla0SoaClassificationCommon services.;2512;2912
TcSoaClassification;Classification;Teamcenter::Services::Classification::_2007_01::Classification::getChildren;The service TcSoaClassification is deprecated. Supported APIs can be found in Cls0SoaClassificationCore  Ics1SoaIcsAw  and Cla0SoaClassificationCommon services.;2512;2912
TcSoaClassification;Classification;Teamcenter::Services::Classification::_2007_01::Classification::getClassDescriptions;The service TcSoaClassification is deprecated. Supported APIs can be found in Cls0SoaClassificationCore  Ics1SoaIcsAw  and Cla0SoaClassificationCommon services.;2512;2912
TcSoaClassification;Classification;Teamcenter::Services::Classification::_2007_01::Classification::getClassificationObjects;The service TcSoaClassification is deprecated. Supported APIs can be found in Cls0SoaClassificationCore  Ics1SoaIcsAw  and Cla0SoaClassificationCommon services.;2512;2912
TcSoaClassification;Classification;Teamcenter::Services::Classification::_2007_01::Classification::getFileIds;The service TcSoaClassification is deprecated. Supported APIs can be found in Cls0SoaClassificationCore  Ics1SoaIcsAw  and Cla0SoaClassificationCommon services.;2512;2912
TcSoaClassification;Classification;Teamcenter::Services::Classification::_2007_01::Classification::getKeyLOVs;The service TcSoaClassification is deprecated. Supported APIs can be found in Cls0SoaClassificationCore  Ics1SoaIcsAw  and Cla0SoaClassificationCommon services.;2512;2912
TcSoaClassification;Classification;Teamcenter::Services::Classification::_2007_01::Classification::getParents;The service TcSoaClassification is deprecated. Supported APIs can be found in Cls0SoaClassificationCore  Ics1SoaIcsAw  and Cla0SoaClassificationCommon services.;2512;2912
TcSoaClassification;Classification;Teamcenter::Services::Classification::_2007_01::Classification::getPartFamilyTemplates;The service TcSoaClassification is deprecated. Supported APIs can be found in Cls0SoaClassificationCore  Ics1SoaIcsAw  and Cla0SoaClassificationCommon services.;2512;2912
TcSoaClassification;Classification;Teamcenter::Services::Classification::_2007_01::Classification::search;The service TcSoaClassification is deprecated. Supported APIs can be found in Cls0SoaClassificationCore  Ics1SoaIcsAw  and Cla0SoaClassificationCommon services.;2512;2912
TcSoaClassification;Classification;Teamcenter::Services::Classification::_2007_01::Classification::searchByInstanceId;The service TcSoaClassification is deprecated. Supported APIs can be found in Cls0SoaClassificationCore  Ics1SoaIcsAw  and Cla0SoaClassificationCommon services.;2512;2912
TcSoaClassification;Classification;Teamcenter::Services::Classification::_2007_01::Classification::searchForClasses;The service TcSoaClassification is deprecated. Supported APIs can be found in Cls0SoaClassificationCore  Ics1SoaIcsAw  and Cla0SoaClassificationCommon services.;2512;2912
TcSoaClassification;Classification;Teamcenter::Services::Classification::_2007_01::Classification::updateClassificationObjects;The service TcSoaClassification is deprecated. Supported APIs can be found in Cls0SoaClassificationCore  Ics1SoaIcsAw  and Cla0SoaClassificationCommon services.;2512;2912
TcSoaClassification;Classification;Teamcenter::Services::Classification::_2009_10::Classification::autoComputeAttributes;The service TcSoaClassification is deprecated. Supported APIs can be found in Cls0SoaClassificationCore  Ics1SoaIcsAw  and Cla0SoaClassificationCommon services.;2512;2912
TcSoaClassification;Classification;Teamcenter::Services::Classification::_2009_10::Classification::createOrUpdateKeyLOVs;the service TcSoaClassification is deprecated. Supported APIs can be found in Cls0SoaClassificationCore  Ics1SoaIcsAw  and Cla0SoaClassificationCommon services.;2512;2912
TcSoaClassification;Classification;Teamcenter::Services::Classification::_2009_10::Classification::getAttributesForClasses2;The service TcSoaClassification is deprecated. Supported APIs can be found in Cls0SoaClassificationCore  Ics1SoaIcsAw  and Cla0SoaClassificationCommon services.;2512;2912
TcSoaClassification;Classification;Teamcenter::Services::Classification::_2009_10::Classification::getKeyLOVs2;The service TcSoaClassification is deprecated. Supported APIs can be found in Cls0SoaClassificationCore  Ics1SoaIcsAw  and Cla0SoaClassificationCommon services.;2512;2912
TcSoaClassification;Classification;Teamcenter::Services::Classification::_2011_06::Classification::deleteChildrenInHierarchy;The service TcSoaClassification is deprecated. Supported APIs can be found in Cls0SoaClassificationCore  Ics1SoaIcsAw  and Cla0SoaClassificationCommon services.;2512;2912
TcSoaClassification;Classification;Teamcenter::Services::Classification::_2011_06::Classification::getLibraryHierarchy;The service TcSoaClassification is deprecated. Supported APIs can be found in Cls0SoaClassificationCore  Ics1SoaIcsAw  and Cla0SoaClassificationCommon services.;2512;2912
TcSoaClassification;Classification;Teamcenter::Services::Classification::_2011_12::Classification::getClassificationObjectInfo;The service TcSoaClassification is deprecated. Supported APIs can be found in Cls0SoaClassificationCore  Ics1SoaIcsAw  and Cla0SoaClassificationCommon services.;2512;2912
TcSoaClassification;Classification;Teamcenter::Services::Classification::_2015_03::Classification::getKeyLOVsForDependentAttributes;The service TcSoaClassification is deprecated. Supported APIs can be found in Cls0SoaClassificationCore  Ics1SoaIcsAw  and Cla0SoaClassificationCommon services.;2512;2912
TcSoaClassification;Classification;Teamcenter::Services::Classification::_2015_10::Classification::getClassDefinitions;The service TcSoaClassification is deprecated. Supported APIs can be found in Cls0SoaClassificationCore  Ics1SoaIcsAw  and Cla0SoaClassificationCommon services.;2512;2912
TcSoaClassification;Classification;Teamcenter::Services::Classification::_2016_03::Classification::convertValues;The service TcSoaClassification is deprecated. Supported APIs can be found in Cls0SoaClassificationCore  Ics1SoaIcsAw  and Cla0SoaClassificationCommon services.;2512;2912
TcSoaClassification;Classification;Teamcenter::Services::Classification::_2016_03::Classification::getChildrenExtended;The service TcSoaClassification is deprecated. Supported APIs can be found in Cls0SoaClassificationCore  Ics1SoaIcsAw  and Cla0SoaClassificationCommon services.;2512;2912
TcSoaClassification;Classification;Teamcenter::Services::Classification::_2016_03::Classification::searchClassesExtended;The service TcSoaClassification is deprecated. Supported APIs can be found in Cls0SoaClassificationCore  Ics1SoaIcsAw  and Cla0SoaClassificationCommon services.;2512;2912
TcSoaClassification;Classification;Teamcenter::Services::Classification::_2016_09::Classification::findValues;The service TcSoaClassification is deprecated. Supported APIs can be found in Cls0SoaClassificationCore  Ics1SoaIcsAw  and Cla0SoaClassificationCommon services.;2512;2912
TcSoaCore;Datamanagement;Teamcenter::Services::Core::_2006_03::Datamanagement::createDatasets;Use the createDatasets2 operation from the _2006_03 namespace.;8;2712
TcSoaCore;Datamanagement;Teamcenter::Services::Core::_2006_03::Datamanagement::revise;Use the revise2 operation from the _2008_06 namespace.;8;2712
TcSoaCore;Datamanagement;Teamcenter::Services::Core::_2006_03::Datamanagement::setDisplayProperties;Use the setProperties operation from the _2010_09 namespace.;11. Feb;2712
TcSoaCore;Session;Teamcenter::Services::Core::_2006_03::Session::getPreferences;Use the getPreferences operation from the _2007_01 namespace.;5;2712
TcSoaCore;Session;Teamcenter::Services::Core::_2006_03::Session::login;Use the login operation from the _2008_06 namespace.;10;2712
TcSoaCore;Session;Teamcenter::Services::Core::_2006_03::Session::loginSSO;Use the loginSSO operation from the _2008_06 namespace.;10;2712
TcSoaCore;Session;Teamcenter::Services::Core::_2006_03::Session::setPreferences;Use the setPreferences operation from the PreferenceManagement service in the Administration library.;10;2712
TcSoaCore;Datamanagement;Teamcenter::Services::Core::_2007_01::Datamanagement::getItemFromId;Use the getItemAndRelatedObjects operation from the _2008_06 namespace.;8;2712
TcSoaCore;Datamanagement;Teamcenter::Services::Core::_2007_01::Datamanagement::saveAsNewItem;Use the saveAsNewItem2 operation from the _2008_06 namespace.;8;2712
TcSoaCore;Datamanagement;Teamcenter::Services::Core::_2007_01::Datamanagement::whereUsed;Use the whereUsed operation from the _2012_02 namespace.;09. Jan;2712
TcSoaCore;Session;Teamcenter::Services::Core::_2007_01::Session::getPreferences;Use the getPreferences operation from the PreferenceManagement service in the Administration library.;10;2712
TcSoaCore;Datamanagement;Teamcenter::Services::Core::_2007_06::Datamanagement::validateItemIdsAndRevIds;Use the validateValues operation from the _2013_05 namespace.;10. Jan;2712
TcSoaCore;Lov;Teamcenter::Services::Core::_2007_06::Lov::getAttachedLOVs;Use the getAttachedPropDescs operation from the _2007_06 namespace.;07. Jan;2712
TcSoaCore;Propdescriptor;Teamcenter::Services::Core::_2007_06::Propdescriptor::getAttachedPropDescs;Use the getAttachedPropDescs2 operation from the _2011_06 namespace.;9;2712
TcSoaCore;Session;Teamcenter::Services::Core::_2008_03::Session::getFavorites;Use the getShortcuts operation.;08. Feb;2712
TcSoaCore;Datamanagement;Teamcenter::Services::Core::_2010_04::Datamanagement::getLocalizedProperties;Use the getLocalizedProperties2 operation from the _2015_07 namespace.;11. Feb;2712
TcSoaCore;Datamanagement;Teamcenter::Services::Core::_2010_04::Datamanagement::isPropertyLocalizable;Use the isLocalizable from the propertydescriptor.;9;2712
TcSoaCore;Session;Teamcenter::Services::Core::_2010_04::Session::getPreferences2;Use the getPreferences operation from the PreferenceManagement service in the Administration library.;10;2712
TcSoaCore;Datamanagement;Teamcenter::Services::Core::_2011_06::Datamanagement::getTraceReport;Use the getTraceReport2 operation from the _2014_06 namespace.;10.01.2002;2712
TcSoaCore;Datamanagement;Teamcenter::Services::Core::_2011_06::Datamanagement::saveAsObjects;Use the saveAsObjectsAndRelate operation from the _2014_10 namespace;11. Jan;2712
TcSoaCore;Operationdescriptor;Teamcenter::Services::Core::_2011_06::Operationdescriptor::getSaveAsDesc;Use the getDeepCopyData operation from the _2014_10 namespace.;11. Feb;2712
TcSoaCore;Datamanagement;Teamcenter::Services::Core::_2012_02::Datamanagement::bulkCreateObjects;Use the createObjects operation from the _2008_06 namespace.;12. Feb;2712
TcSoaCore;Operationdescriptor;Teamcenter::Services::Core::_2012_02::Operationdescriptor::getDeepCopyData;Use the getDeepCopyData operation from the _2014_10 namespace.;11. Feb;2712
TcSoaCore;Datamanagement;Teamcenter::Services::Core::_2012_09::Datamanagement::saveAsObjectAndRelate;Use the saveAsObjectsAndRelate operation from the _2014_10 namespace.;11. Jan;2712
TcSoaCore;Datamanagement;Teamcenter::Services::Core::_2012_10::Datamanagement::getTraceReport;Use the getTraceReport2 operation from the _2014_06 namespace.;10.01.2002;2712
TcSoaCore;Datamanagement;Teamcenter::Services::Core::_2015_07::Datamanagement::getLocalizedProperties2;As of Teamcenter 2506  use the getLocalizedProperties3 operation from the _2025_01 namespace.;2506;2712
TcSoaCore;Datamanagement;Teamcenter::Services::Core::_2016_05::Datamanagement::generateContextSpecificIDs;Use the generateContextSpecificIDs2 operation from _2016_05 the namespace.;12. Apr;2712
TcSoaCore;Logicalobject;Teamcenter::Services::Core::_2017_11::Logicalobject::getLogicalObjects;Use the getLogicalObjects2 operation from the _2018_06 namespace.;11. Mai;2712
TcSoaCore;Datamanagement;Teamcenter::Services::Core::_2018_06::Datamanagement::createObjectsInBulkAndRelate;Use the createObjects operation from the _2008_06 namespace.;12. Feb;2712
TcSoaDocumentmanagement;Digitalsignature;Teamcenter::Services::Documentmanagement::_2010_04::Digitalsignature::digitalSigningSave;There is no replacement for this operation.;10. Jan;2712
TcSoaImportexport;Fileimportexport;Teamcenter::Services::Importexport::_2008_06::Fileimportexport::getExportTemplates;Use the getExportTemplates operation from the _2011_06 namespace.;9;2712
TcSoaIssuemanagement;Issuemanagement;Teamcenter::Services::Issuemanagement::_2009_06::Issuemanagement::reviewIssues;Use the castReviewDecisionOnIssues operation from the _2011_06 namespace.;9;2712
TcSoaManufacturing;Structuremanagement;Teamcenter::Services::Manufacturing::_2009_06::Structuremanagement::getStructureContextTopLines;Use the getStructureContextLines operation from the _2009_10 namespace.;08. Jan;2712
TcSoaManufacturing;Importexport;Teamcenter::Services::Manufacturing::_2010_09::Importexport::importManufaturingFeatures;Use the importManufaturingFeatures operation from the _2012_09 namespace.;10. Jan;2712
TcSoaManufacturing;Importexport;Teamcenter::Services::Manufacturing::_2013_05::Importexport::importManufacturingFeatures;Use the importManufacturingFeatures operation from the _2016_03 namespace.;10.01.2006;2712
TcSoaProductionmanagement;Engineeringdataquery;Teamcenter::Services::Productionmanagement::_2007_06::Engineeringdataquery::getEngineeringDataFromRoutine;Use the getEngineeringDataFromRoutine2 operation from the _2007_12 namespace.;07.01.2002;2712
TcSoaProductionmanagement;Engineeringdataquery;Teamcenter::Services::Productionmanagement::_2007_06::Engineeringdataquery::getFeatureAttributeDataOfCluster;Use the getFeatureAttributeDataOfCluster2 operation from the _2007_12 namespace.;07.01.2002;2712
TcSoaProductionmanagement;Engineeringdataquery;Teamcenter::Services::Productionmanagement::_2007_12::Engineeringdataquery::getEngineeringDataFromRoutine2;Use the getEngineeringDataFromRoutine3 operation from the _2008_03 namespace.;07.01.2003;2712
TcSoaProjectmanagement;Schedulemanagement;Teamcenter::Services::Projectmanagement::_2009_10::Schedulemanagement::updateTasks;Use the updateTasks operation from the _2012_02 namespace.;09. Jan;2712
TcSoaQuery;Savedquery;Teamcenter::Services::Query::_2006_03::Savedquery::executeSavedQuery;Use the executeSavedQueries operation from the _2007_06 namespace.;7;2712
TcSoaQuery;Savedquery;Teamcenter::Services::Query::_2007_01::Savedquery::deleteQueryCriterias;Use the deleteObjects operation.;08. Jan;2712
TcSoaQuery;Savedquery;Teamcenter::Services::Query::_2007_01::Savedquery::reorderSavedQueryCriterias;There is no replacement for this operation.;08. Jan;2712
TcSoaQuery;Savedquery;Teamcenter::Services::Query::_2007_01::Savedquery::retrieveQueryCriterias;Use the retrieveSearchCriteria operation from  the _2007_06 namespace.;07. Jan;2712
TcSoaQuery;Savedquery;Teamcenter::Services::Query::_2007_01::Savedquery::saveQueryCriterias;Use the saveSearchCriteria operation from the _2007_06 namespace.;07. Jan;2712
TcSoaQuery;Savedquery;Teamcenter::Services::Query::_2007_06::Savedquery::saveSearchCriteria;Use the createObjects on a SavedSearch business object.;08. Jan;2712
TcSoaQuery;Savedquery;Teamcenter::Services::Query::_2007_09::Savedquery::executeSavedQueries;Use the executeSavedQueries operation from the _2008_06 namespace.;8;2712
TcSoaQuery;Finder;Teamcenter::Services::Query::_2012_10::Finder::performSearch;Use the performSearch operation from the _2014_11 namespace.;09.01.2003;2712
TcSoaQuery;Savedquery;Teamcenter::Services::Query::_2018_11::Savedquery::executeBOQueriesWithContext;Use the  executeBOQueriesWithSortAndContext operation from the _2007_09 namespace.;12. Apr;2712
TcSoaReports;Crfreports;Teamcenter::Services::Reports::_2007_01::Crfreports::getReportDefinitions;Use the getReportDefinitions operation from the _2008_06 namespace.;8;2712
TcSoaStructuremanagement;Structuresearch;Teamcenter::Services::Structuremanagement::_2008_05::Structuresearch::startSearch;Use the startSearch opertaion from the _2010_04 namespace.;08. Feb;2712
TcSoaStructuremanagement;Structure;Teamcenter::Services::Structuremanagement::_2008_06::Structure::duplicate;Use the cloneStructure operation from the _2014_10 namespace.;13. Jan;2712
TcSoaStructuremanagement;Structure;Teamcenter::Services::Structuremanagement::_2008_06::Structure::expandOrUpdateDuplicateItems;Use the cloneStructureExpandOrUpdate operation from the _2014_10 namespace.;13. Jan;2712
TcSoaStructuremanagement;Structure;Teamcenter::Services::Structuremanagement::_2008_06::Structure::validateStructureItemIds;Use the validateStructureItemIds3 operation from the _2011_06 namespace.;13. Jan;2712
TcSoaStructuremanagement;Structureverification;Teamcenter::Services::Structuremanagement::_2008_12::Structureverification::accountabilityCheck;Use the accountabilityCheck operation from the _2010_09 namespace.;08. Mrz;2712
TcSoaStructuremanagement;Structuresearch;Teamcenter::Services::Structuremanagement::_2010_04::Structuresearch::startSearch;Use the startSearch operation from the _2010_05 namespace.;08. Mrz;2712
TcSoaStructuremanagement;Structure;Teamcenter::Services::Structuremanagement::_2010_09::Structure::duplicate2;Use the cloneStructure operation from the _2014_10 namespace.;13. Jan;2712
TcSoaStructuremanagement;Structure;Teamcenter::Services::Structuremanagement::_2010_09::Structure::expandOrUpdateDuplicateItems2;Use the cloneStructureExpandOrUpdate operation from the _2014_10 namespace.;13. Jan;2712
TcSoaStructuremanagement;Structure;Teamcenter::Services::Structuremanagement::_2010_09::Structure::validateStructureItemIds2;Use the validateStructureItemIds3 operation from the _2011_06 namespace.;13. Jan;2712
TcSoaStructuremanagement;Structure;Teamcenter::Services::Structuremanagement::_2011_06::Structure::duplicate3;Use the cloneStructure operation from the _2014_10 namespace.;13. Jan;2712
TcSoaStructuremanagement;Structure;Teamcenter::Services::Structuremanagement::_2011_06::Structure::expandOrUpdateDuplicateItems3;Use the cloneStructureExpandOrUpdate operation from the _2014_10 namespace.;13. Jan;2712
TcSoaStructuremanagement;Variantmanagement;Teamcenter::Services::Structuremanagement::_2013_05::Variantmanagement::applyBOMVariantRules;Use the applyBOMVariantRules2 operation from the _2019_06 namespace.;12. Feb;2712
TcSoaStructuremanagement;Variantmanagement;Teamcenter::Services::Structuremanagement::_2013_05::Variantmanagement::getBOMVariantRules;Use the getBOMVariantRules2 operation from the _2019_06 namespace.;12. Feb;2712
TcSoaStructuremanagement;Variantmanagement;Teamcenter::Services::Structuremanagement::_2013_05::Variantmanagement::setBOMVariantRules;Use the setBOMVariantRules2 operation from the _2019_06 namespace.;12. Feb;2712
TcSoaStructuremanagement;Effectivity;Teamcenter::Services::Structuremanagement::_2021_06::Effectivity::getEffectivities;DEPRECATED. SEE SUPPORT ANNOUNCEMENT 2512.;2512;2912
TcSoaSvcrequest;Servicerequest;Teamcenter::Services::Svcrequest::_2010_04::Servicerequest::delegateRequestedActivity;Use the delegateRequestedActivity2 operation from the _2010_04 namespace.;10;2712
TcSoaSvcrequest;Servicerequest;Teamcenter::Services::Svcrequest::_2010_04::Servicerequest::qualifyActivity;Use the qualifyActivity2 operation from the _2010_04 namespace.;10;2712
TcSoaSystemsengineering;Functionalmodeling;Teamcenter::Services::Systemsengineering::_2011_06::Functionalmodeling::deleteFunctionStructure;There is no replacement.;2506;2712
TcSoaTranslation;Translationmanagement;Teamcenter::Services::Translation::_2007_06::Translationmanagement::createTranslationRequest;Use the createTranslationRequest operation from the DispatcherManagement service in the Core library.;8;2712
TcSoaVendormanagement;Vendormanagement;Teamcenter::Services::Vendormanagement::_2007_06::Vendormanagement::createOrUpdateLineItems;Use the createOrUpdateLineItemsWithType operation.;8;2712
TcSoaVendormanagement;Vendormanagement;Teamcenter::Services::Vendormanagement::_2007_06::Vendormanagement::createOrUpdateVendors;Use the addRemoveVendorRoles operation.;10;2712
TcSoaVendormanagement;Vendormanagement;Teamcenter::Services::Vendormanagement::_2007_06::Vendormanagement::deleteVendorRoles;Use the addRemoveVendorRoles operation.;10;2712
TcSoaVisualization;Structuremanagement;Teamcenter::Services::Visualization::_2013_05::Structuremanagement::createVisSCsFromBOMs;Use the createVisSCsFromBOMsWithOptions operation from the _2013_12 namespace.;10.01.2001;2712
TcSoaWorkflow;Workflow;Teamcenter::Services::Workflow::_2008_06::Workflow::getWorkflowTemplates;Use the getWorkflowTemplates operation from the _2013_05 namespace.;10. Jan;2712
TcSoaWorkflow;Workflow;Teamcenter::Services::Workflow::_2008_06::Workflow::performAction;Use the performAction3 operation from the _2014_06 namespace.;10.01.2003;2712
TcSoaWorkflow;Workflow;Teamcenter::Services::Workflow::_2012_10::Workflow::performAction2;Use the performAction3 operation from the _2014_06 namespace.;10.01.2003;2712
TcSoaWorkflow;Workflow;Teamcenter::Services::Workflow::_2014_06::Workflow::performActionWithSignature;Use the performAction3 operation from the _2014_06 namespace.;10.01.2003;2712
Tm0SoaTestmanagement;Instancemanagement;Tm0::Services::Testmanagement::_2014_06::Instancemanagement::createTestInstances;There is no replacement for this operation.;10.01.2003;2712
Tm0SoaTestmanagement;Instancemanagement;Tm0::Services::Testmanagement::_2014_06::Instancemanagement::createTestInstancesFromTemplate;There is no replacement for this operation.;10.01.2003;2712
Tm0SoaTestmanagement;Instancemanagement;Tm0::Services::Testmanagement::_2014_06::Instancemanagement::editTestInstances;There is no replacement for this operation.;10.01.2003;2712
Uml0SoaUmlsysml;Umlsysml;Uml0::Services::Umlsysml::_2017_11::Umlsysml::getModelElements1;this operation has been deprecated and will not be supported anymore. Use getModelElements2 which is replacement of this operation. ;2312;2712
Uml0SoaUmlsysml;Umlsysml;Uml0::Services::Umlsysml::_2017_11::Umlsysml::updateModelElements2;this operation has been deprecated and will not be supported anymore. Use updateModelElements3 which is replacements of this operation.;2312;2712
Uml0SoaUmlsysml;Umlsysml;Uml0::Services::Umlsysml::_2018_12::Umlsysml::getModelElements2;As of Teamcenter 2406  this operation has been deprecated and will not be supported anymore. Use importCollection which is replacements of this operation.;2406;2712
Uml0SoaUmlsysml;Umlsysml;Uml0::Services::Umlsysml::_2018_12::Umlsysml::updateModelElements3;As of Teamcenter 2406  this operation has been deprecated and will not be supported anymore. Use exportCollection which is replacements of this operation.;2406;2712
